{
  "method": "ppo",
  "k": 1,
  "best_sequence": "TSFTSEQLATLEAEFQRNAYPDAETRLGIALRTNLTEKRVAVWFKNRRAKSR",
  "best_fitness": -71.33881316240877,
  "wt_fitness": -97.3342846930027,
  "improvement": 25.99547153059393,
  "queries_used": 300,
  "improvements": 28,
  "updates": 9,
  "dataset_id": "PITX2_HUMAN_Tsuboyama_2023_2L7M",
  "seed": 42,
  "budget": 300,
  "model_name": "esm2_t12_35M_UR50D",
  "runtime": 187.21401262283325,
  "timestamp": "2025-12-11T23:23:41.810587"
}