{
  "method": "ppo_v2",
  "k": 1,
  "best_sequence": "GEDLPLPPGYSEWTFQGRKYYIDHNTMTTHWSHPLESGPSSG",
  "best_fitness": -75.61646377760917,
  "wt_fitness": -87.4995311461389,
  "improvement": 11.883067368529737,
  "queries_used": 300,
  "improvements": 9,
  "updates": 9,
  "dataset_id": "SAV1_MOUSE",
  "seed": 123,
  "budget": 300,
  "model_name": "esm2_t33_650M_UR50D",
  "runtime": 104.86099696159363,
  "timestamp": "2025-12-14T17:31:04.012910"
}