{
  "method": "ppo_v2",
  "k": 1,
  "best_sequence": "GRDSVLAPGSVDWTDHGRKYYIDHNTNTTHWSHPLEGSSSSG",
  "best_fitness": -75.73649815842509,
  "wt_fitness": -87.4995311461389,
  "improvement": 11.763032987713814,
  "queries_used": 300,
  "improvements": 12,
  "updates": 9,
  "dataset_id": "SAV1_MOUSE",
  "seed": 789,
  "budget": 300,
  "model_name": "esm2_t33_650M_UR50D",
  "runtime": 150.2722659111023,
  "timestamp": "2025-12-14T17:36:30.837285"
}