{
  "method": "ppo_v2",
  "k": 1,
  "best_sequence": "QGDLPLPPGRKDWTDRGRKYYIDHNTNTTHWSHPLESLPSSG",
  "best_fitness": -77.31757935509086,
  "wt_fitness": -87.4995311461389,
  "improvement": 10.18195179104805,
  "queries_used": 300,
  "improvements": 8,
  "updates": 9,
  "dataset_id": "SAV1_MOUSE",
  "seed": 456,
  "budget": 300,
  "model_name": "esm2_t33_650M_UR50D",
  "runtime": 161.05857515335083,
  "timestamp": "2025-12-14T17:33:52.211079"
}