{
  "method": "ppo_v2",
  "k": 3,
  "best_sequence": "GEDLRLDPGAVDWSDRGRKYYIDHNTKTTHWSHPLESEPSSG",
  "best_fitness": -80.59505290724337,
  "wt_fitness": -87.4995311461389,
  "improvement": 6.9044782388955355,
  "queries_used": 300,
  "improvements": 3,
  "updates": 9,
  "dataset_id": "SAV1_MOUSE",
  "seed": 1011,
  "budget": 300,
  "model_name": "esm2_t33_650M_UR50D",
  "runtime": 337.60652780532837,
  "timestamp": "2025-12-14T18:06:57.765154"
}