{
  "method": "ppo_v2",
  "k": 3,
  "best_sequence": "IGGLPLPPGSVGGVCRGRKYYIDHNNNTTHWSHPLESGPYSG",
  "best_fitness": -84.09026365727186,
  "wt_fitness": -87.4995311461389,
  "improvement": 3.4092674888670444,
  "queries_used": 300,
  "improvements": 3,
  "updates": 9,
  "dataset_id": "SAV1_MOUSE",
  "seed": 123,
  "budget": 300,
  "model_name": "esm2_t33_650M_UR50D",
  "runtime": 341.1540105342865,
  "timestamp": "2025-12-14T17:49:56.287129"
}