{
  "method": "ppo_v2",
  "k": 5,
  "best_sequence": "GEDLPLPPGSEDWYMRGRKYYIDHNTNTTHWSHPLQPGPISG",
  "best_fitness": -87.05266446620226,
  "wt_fitness": -87.4995311461389,
  "improvement": 0.4468666799366474,
  "queries_used": 300,
  "improvements": 1,
  "updates": 9,
  "dataset_id": "SAV1_MOUSE",
  "seed": 1011,
  "budget": 300,
  "model_name": "esm2_t33_650M_UR50D",
  "runtime": 370.441654920578,
  "timestamp": "2025-12-14T18:40:28.100502"
}