{
  "method": "ppo_v2",
  "k": 3,
  "best_sequence": "SPDSPPPPGSVDWTMRGRKYYIDHNTNTTHWSRPLESTPSSG",
  "best_fitness": -83.2814545892179,
  "wt_fitness": -87.4995311461389,
  "improvement": 4.218076556921005,
  "queries_used": 300,
  "improvements": 2,
  "updates": 9,
  "dataset_id": "SAV1_MOUSE",
  "seed": 456,
  "budget": 300,
  "model_name": "esm2_t33_650M_UR50D",
  "runtime": 366.69196820259094,
  "timestamp": "2025-12-14T17:56:10.186824"
}