{
  "method": "ppo_v2",
  "k": 5,
  "best_sequence": "HEDLPLPPGSGDWVLTGGKYYIDHNTGTTHWSHPLEDGGSQG",
  "best_fitness": -86.04949848353863,
  "wt_fitness": -87.4995311461389,
  "improvement": 1.4500326626002789,
  "queries_used": 300,
  "improvements": 3,
  "updates": 9,
  "dataset_id": "SAV1_MOUSE",
  "seed": 789,
  "budget": 300,
  "model_name": "esm2_t33_650M_UR50D",
  "runtime": 403.34357261657715,
  "timestamp": "2025-12-14T18:34:10.716705"
}