{
  "method": "ppo",
  "k": 1,
  "best_sequence": "TGDQVLEIVPTSEEQIQGLLQLEQDELLQLDFWKSPTKPGESAHVRVPFVHVEAVKLFLESQNISYRIMIED",
  "best_fitness": -101.52481873473153,
  "wt_fitness": -115.18333279015496,
  "improvement": 13.658514055423439,
  "queries_used": 300,
  "improvements": 19,
  "updates": 9,
  "dataset_id": "CBPA2_HUMAN_Tsuboyama_2023_1O6X",
  "seed": 123,
  "budget": 300,
  "model_name": "esm2_t33_650M_UR50D",
  "runtime": 23483.863915205002,
  "timestamp": "2025-12-12T13:07:20.560248"
}