{
  "method": "ppo",
  "k": 1,
  "best_sequence": "TGDQVLKIVPQNEEQIKQLLELEHQEHLQLDFWKSPTRVGETAHVRVPNVNVQAVKNFLESSGLKYSIMIED",
  "best_fitness": -92.50108629092574,
  "wt_fitness": -115.18333279015496,
  "improvement": 22.682246499229223,
  "queries_used": 300,
  "improvements": 19,
  "updates": 9,
  "dataset_id": "CBPA2_HUMAN_Tsuboyama_2023_1O6X",
  "seed": 1011,
  "budget": 300,
  "model_name": "esm2_t33_650M_UR50D",
  "runtime": 17816.53224492073,
  "timestamp": "2025-12-12T16:14:08.379831"
}