{
  "method": "ppo",
  "k": 3,
  "best_sequence": "VGDQVLKIVPSNEEQIKNLLQLECQEHLQLDFWKVPTTPGETAHVRVPFMNVQAVKVFLESQGIAYSIMIED",
  "best_fitness": -114.4683358669281,
  "wt_fitness": -115.18333534197882,
  "improvement": 0.7149994750507176,
  "queries_used": 300,
  "improvements": 1,
  "updates": 9,
  "dataset_id": "CBPA2_HUMAN_Tsuboyama_2023_1O6X",
  "seed": 1011,
  "budget": 300,
  "model_name": "esm2_t33_650M_UR50D",
  "runtime": 652.4811291694641,
  "timestamp": "2025-12-12T23:47:17.404034"
}