{
  "method": "ppo",
  "k": 5,
  "best_sequence": "GSDLPLPPGWSVEWTERGRKYYIDNQTNLTHWSHPLESGPSCQ",
  "best_fitness": -75.75047131255269,
  "wt_fitness": -78.77145318407565,
  "improvement": 3.020981871522963,
  "queries_used": 300,
  "improvements": 2,
  "updates": 9,
  "dataset_id": "SAV1_MOUSE_Tsuboyama_2023_2YSB",
  "seed": 789,
  "budget": 300,
  "model_name": "esm2_t33_650M_UR50D",
  "runtime": 389.1260371208191,
  "timestamp": "2025-12-12T07:40:15.383767"
}