{
  "method": "ppo",
  "k": 3,
  "best_sequence": "GLDLPLPPHCSVAVDERGRSYYIDHRTRLTHWRSPLESGPSSA",
  "best_fitness": -76.30127187073231,
  "wt_fitness": -78.77145318407565,
  "improvement": 2.470181313343346,
  "queries_used": 300,
  "improvements": 6,
  "updates": 9,
  "dataset_id": "SAV1_MOUSE_Tsuboyama_2023_2YSB",
  "seed": 1011,
  "budget": 300,
  "model_name": "esm2_t33_650M_UR50D",
  "runtime": 388.3668956756592,
  "timestamp": "2025-12-12T07:13:43.269371"
}