{
  "method": "ppo",
  "k": 5,
  "best_sequence": "GEDLPLPVGWSVEWTMRGRKYYINHETFTTHWSHPLESGPSSG",
  "best_fitness": -73.14563019154593,
  "wt_fitness": -78.77145318407565,
  "improvement": 5.62582299252972,
  "queries_used": 300,
  "improvements": 1,
  "updates": 9,
  "dataset_id": "SAV1_MOUSE_Tsuboyama_2023_2YSB",
  "seed": 123,
  "budget": 300,
  "model_name": "esm2_t33_650M_UR50D",
  "runtime": 392.8895905017853,
  "timestamp": "2025-12-12T07:27:02.312347"
}