{
  "method": "ppo",
  "k": 5,
  "best_sequence": "LEDLPLPPGWEVAADGRGRAYYIDHNTATTHWSRPQTSGPDSG",
  "best_fitness": -70.15399171411991,
  "wt_fitness": -78.77145318407565,
  "improvement": 8.617461469955742,
  "queries_used": 300,
  "improvements": 3,
  "updates": 9,
  "dataset_id": "SAV1_MOUSE_Tsuboyama_2023_2YSB",
  "seed": 1011,
  "budget": 300,
  "model_name": "esm2_t33_650M_UR50D",
  "runtime": 387.7527537345886,
  "timestamp": "2025-12-12T07:46:50.360751"
}