{
  "method": "ppo",
  "k": 1,
  "best_sequence": "QEDRPLPPGWDVAWTNSGRKYYIDHNNNTTHWSHPLESGSGSG",
  "best_fitness": -55.32667448092252,
  "wt_fitness": -78.77145318407565,
  "improvement": 23.444778703153133,
  "queries_used": 300,
  "improvements": 17,
  "updates": 9,
  "dataset_id": "SAV1_MOUSE_Tsuboyama_2023_2YSB",
  "seed": 456,
  "budget": 300,
  "model_name": "esm2_t33_650M_UR50D",
  "runtime": 383.51864552497864,
  "timestamp": "2025-12-12T04:05:02.946206"
}