{
  "method": "ppo",
  "k": 1,
  "best_sequence": "EEDLPLPPGWQVATTDSGEKYYIDHNTQTTHWDHPLASLPSTP",
  "best_fitness": -53.62490205466747,
  "wt_fitness": -78.77145318407565,
  "improvement": 25.14655112940818,
  "queries_used": 300,
  "improvements": 18,
  "updates": 9,
  "dataset_id": "SAV1_MOUSE_Tsuboyama_2023_2YSB",
  "seed": 42,
  "budget": 300,
  "model_name": "esm2_t33_650M_UR50D",
  "runtime": 382.68051981925964,
  "timestamp": "2025-12-12T03:52:05.189908"
}