{
  "method": "ppo",
  "k": 3,
  "best_sequence": "MTDLPLPPGWSVEWSTTGRKYYIDHFTSTTHWRHPLEASASTG",
  "best_fitness": -66.59305635420606,
  "wt_fitness": -78.77145318407565,
  "improvement": 12.178396829869598,
  "queries_used": 300,
  "improvements": 6,
  "updates": 9,
  "dataset_id": "SAV1_MOUSE_Tsuboyama_2023_2YSB",
  "seed": 789,
  "budget": 300,
  "model_name": "esm2_t33_650M_UR50D",
  "runtime": 391.5561697483063,
  "timestamp": "2025-12-12T07:07:07.770594"
}