{
  "method": "ppo",
  "k": 10,
  "best_sequence": "GEDLPLPPGWSVAWTMRGRKYYIDHNTNTTHWSHPLESGPSSG",
  "best_fitness": -78.77145318407565,
  "wt_fitness": -78.77145318407565,
  "improvement": 0.0,
  "queries_used": 300,
  "improvements": 0,
  "updates": 9,
  "dataset_id": "SAV1_MOUSE_Tsuboyama_2023_2YSB",
  "seed": 1011,
  "budget": 300,
  "model_name": "esm2_t33_650M_UR50D",
  "runtime": 394.3780744075775,
  "timestamp": "2025-12-12T08:20:19.040427"
}