{
  "method": "ppo",
  "k": 5,
  "best_sequence": "GEDLSLPPGWSVAWTMHGAKYYIDHNTQTTHWSHPLESLPSSG",
  "best_fitness": -75.73870845115744,
  "wt_fitness": -78.77145318407565,
  "improvement": 3.032744732918218,
  "queries_used": 300,
  "improvements": 1,
  "updates": 9,
  "dataset_id": "SAV1_MOUSE_Tsuboyama_2023_2YSB",
  "seed": 42,
  "budget": 300,
  "model_name": "esm2_t33_650M_UR50D",
  "runtime": 391.65397453308105,
  "timestamp": "2025-12-12T07:20:22.151733"
}