{
  "method": "ppo",
  "k": 3,
  "best_sequence": "GEDQPLPPTWATDWTTRGRKFYIDHNTRTTHWSVPRPSGPLSG",
  "best_fitness": -69.81330620869994,
  "wt_fitness": -78.77145318407565,
  "improvement": 8.958146975375712,
  "queries_used": 300,
  "improvements": 5,
  "updates": 9,
  "dataset_id": "SAV1_MOUSE_Tsuboyama_2023_2YSB",
  "seed": 456,
  "budget": 300,
  "model_name": "esm2_t33_650M_UR50D",
  "runtime": 392.2603282928467,
  "timestamp": "2025-12-12T07:00:28.120478"
}